Average Duration,Standard Deviation
0.0,0.0
Average Duration,Standard Deviation
0.62,0.0
Average Duration,Standard Deviation
0.39749999999999996,0.22250000000000014
Average Duration,Standard Deviation
0.2846666666666666,0.24179927396270015
Average Duration,Standard Deviation
0.21949999999999997,0.23788705303147548
Average Duration,Standard Deviation
0.18639999999999998,0.222833211169251
