Average Duration,Standard Deviation
22.357000000000003,35.915892602781646
